-- CUSTOMER
insert into customers (customer_id, fname, lname, email, phone, password) values (1, 'Ruddy', 'McIlwraith', 'rmcilwraith0@wunderground.com', '+86 (990) 165-0100', 'eNkkiNQEuq');
insert into customers (customer_id, fname, lname, email, phone, password) values (2, 'Laughton', 'Lohden', 'llohden1@eepurl.com', '+218 (736) 855-3643', 'lvpLDb3HbjKc');
insert into customers (customer_id, fname, lname, email, phone, password) values (3, 'Eustacia', 'Well', 'ewell2@sohu.com', '+225 (926) 636-2103', 'E7XgdFl');
insert into customers (customer_id, fname, lname, email, phone, password) values (4, 'Alan', 'Hoyer', 'ahoyer3@amazon.co.uk', '+356 (878) 251-5606', 'nABpPPaqgS27');
insert into customers (customer_id, fname, lname, email, phone, password) values (5, 'Arni', 'Minguet', 'aminguet4@cdbaby.com', '+86 (791) 830-1870', 'pWLHnT');
insert into customers (customer_id, fname, lname, email, phone, password) values (6, 'Jobyna', 'Duesbury', 'jduesbury5@newyorker.com', '+86 (106) 435-3809', 'NqBKnH9C');
insert into customers (customer_id, fname, lname, email, phone, password) values (7, 'Idalia', 'Fazackerley', 'ifazackerley6@4shared.com', '+235 (503) 169-7213', '51m044');
insert into customers (customer_id, fname, lname, email, phone, password) values (8, 'Mirella', 'Darley', 'mdarley7@noaa.gov', '+86 (261) 129-9957', 'ppD5wIe15Nw6');
insert into customers (customer_id, fname, lname, email, phone, password) values (9, 'Tracey', 'Vasilechko', 'tvasilechko8@answers.com', '+20 (366) 486-7926', 'fmgoLVk0ka');
insert into customers (customer_id, fname, lname, email, phone, password) values (10, 'Gratia', 'Pulver', 'gpulver9@noaa.gov', '+86 (268) 342-8970', 's4I8wxB');

-- ARTIST
insert into artists (artist_id, fname, lname, email, password, country, alias, about, logo, profile_pic, social) values (1, 'Brennen', 'Abramamovh', 'babramamovh0@wikimedia.org', 'nChhlEP', 'Guatemala', 'babramamovh0', 'pretium quis lectus suspendisse potenti in eleifend quam a odio in hac habitasse platea dictumst maecenas ut massa quis augue luctus tincidunt nulla mollis molestie lorem quisque ut erat curabitur gravida nisi at nibh in hac habitasse platea dictumst aliquam augue quam sollicitudin vitae consectetuer eget rutrum at lorem integer tincidunt ante vel ipsum praesent blandit lacinia erat vestibulum sed magna at nunc commodo placerat praesent blandit nam nulla integer', 'http://dummyimage.com/182x100.png/5fa2dd/ffffff', 'http://dummyimage.com/148x100.png/ff4444/ffffff', 'http://g.co/fermentum/donec/ut.jpg?phasellus=pharetra&in=magna&felis=vestibulum&donec=aliquet&semper=ultrices&sapien=erat&a=tortor&libero=sollicitudin&nam=mi&dui=sit&proin=amet&leo=lobortis&odio=sapien&porttitor=sapien&id=non&consequat=mi&in=integer&consequat=ac&ut=neque&nulla=duis&sed=bibendum&accumsan=morbi&felis=non&ut=quam&at=nec&dolor=dui&quis=luctus&odio=rutrum&consequat=nulla&varius=tellus&integer=in&ac=sagittis&leo=dui&pellentesque=vel&ultrices=nisl&mattis=duis');
insert into artists (artist_id, fname, lname, email, password, country, alias, about, logo, profile_pic, social) values (2, 'Heddi', 'Andrichuk', 'handrichuk1@newsvine.com', 'IZHKlzwnH', 'China', 'handrichuk1', 'vel nisl duis ac nibh fusce lacus purus aliquet at feugiat non pretium quis lectus suspendisse potenti in eleifend quam a odio in hac habitasse platea dictumst maecenas ut massa quis augue luctus tincidunt nulla mollis molestie lorem quisque ut erat curabitur gravida nisi at nibh in hac habitasse platea dictumst aliquam augue quam sollicitudin vitae consectetuer eget rutrum at', 'http://dummyimage.com/175x100.png/5fa2dd/ffffff', 'http://dummyimage.com/247x100.png/ff4444/ffffff', 'http://elpais.com/est/phasellus.jsp?ornare=congue&imperdiet=risus&sapien=semper&urna=porta&pretium=volutpat&nisl=quam&ut=pede&volutpat=lobortis&sapien=ligula&arcu=sit&sed=amet&augue=eleifend&aliquam=pede&erat=libero&volutpat=quis&in=orci&congue=nullam&etiam=molestie&justo=nibh');
insert into artists (artist_id, fname, lname, email, password, country, alias, about, logo, profile_pic, social) values (3, 'Melinda', 'Vossing', 'mvossing2@howstuffworks.com', 'RbC3aG', 'Czech Republic', 'mvossing2', 'orci mauris lacinia sapien quis libero nullam sit amet turpis elementum ligula vehicula consequat morbi a ipsum integer a nibh in quis justo maecenas rhoncus aliquam lacus morbi quis tortor id nulla ultrices aliquet maecenas leo odio condimentum id luctus nec molestie sed justo pellentesque viverra pede ac diam cras pellentesque volutpat dui maecenas tristique est et tempus', 'http://dummyimage.com/208x100.png/5fa2dd/ffffff', 'http://dummyimage.com/122x100.png/dddddd/000000', 'http://domainmarket.com/non/interdum/in/ante/vestibulum/ante/ipsum.aspx?aliquet=elit&pulvinar=sodales&sed=scelerisque&nisl=mauris&nunc=sit&rhoncus=amet&dui=eros&vel=suspendisse&sem=accumsan&sed=tortor&sagittis=quis&nam=turpis&congue=sed&risus=ante&semper=vivamus&porta=tortor&volutpat=duis&quam=mattis&pede=egestas&lobortis=metus&ligula=aenean&sit=fermentum&amet=donec&eleifend=ut&pede=mauris&libero=eget&quis=massa&orci=tempor&nullam=convallis&molestie=nulla&nibh=neque&in=libero&lectus=convallis&pellentesque=eget&at=eleifend&nulla=luctus&suspendisse=ultricies&potenti=eu&cras=nibh&in=quisque&purus=id&eu=justo&magna=sit&vulputate=amet&luctus=sapien&cum=dignissim&sociis=vestibulum&natoque=vestibulum&penatibus=ante&et=ipsum&magnis=primis&dis=in');
insert into artists (artist_id, fname, lname, email, password, country, alias, about, logo, profile_pic, social) values (4, 'Jannel', 'Orpen', 'jorpen3@com.com', 'DCJrDd1', 'Senegal', 'jorpen3', 'praesent id massa id nisl venenatis lacinia aenean sit amet justo morbi ut odio cras mi pede malesuada in imperdiet et commodo vulputate justo in blandit ultrices enim lorem ipsum dolor sit amet consectetuer adipiscing elit proin interdum mauris non ligula pellentesque ultrices phasellus id sapien in sapien iaculis congue vivamus metus arcu adipiscing', 'http://dummyimage.com/144x100.png/dddddd/000000', 'http://dummyimage.com/109x100.png/ff4444/ffffff', 'https://archive.org/dis/parturient.xml?odio=vivamus&cras=vestibulum&mi=sagittis&pede=sapien&malesuada=cum&in=sociis&imperdiet=natoque&et=penatibus&commodo=et&vulputate=magnis&justo=dis&in=parturient&blandit=montes&ultrices=nascetur&enim=ridiculus&lorem=mus&ipsum=etiam&dolor=vel&sit=augue&amet=vestibulum&consectetuer=rutrum&adipiscing=rutrum&elit=neque&proin=aenean&interdum=auctor&mauris=gravida&non=sem&ligula=praesent&pellentesque=id&ultrices=massa&phasellus=id&id=nisl&sapien=venenatis&in=lacinia&sapien=aenean&iaculis=sit&congue=amet&vivamus=justo&metus=morbi&arcu=ut&adipiscing=odio&molestie=cras&hendrerit=mi&at=pede&vulputate=malesuada&vitae=in&nisl=imperdiet&aenean=et&lectus=commodo&pellentesque=vulputate&eget=justo&nunc=in&donec=blandit&quis=ultrices&orci=enim&eget=lorem&orci=ipsum&vehicula=dolor&condimentum=sit&curabitur=amet&in=consectetuer&libero=adipiscing&ut=elit&massa=proin&volutpat=interdum&convallis=mauris&morbi=non&odio=ligula&odio=pellentesque&elementum=ultrices&eu=phasellus&interdum=id&eu=sapien&tincidunt=in&in=sapien&leo=iaculis&maecenas=congue&pulvinar=vivamus&lobortis=metus&est=arcu&phasellus=adipiscing&sit=molestie&amet=hendrerit&erat=at&nulla=vulputate');

-- SHIPMENT
insert into shipments (shipment_id, fname, lname, address1, address2, city, state, zipcode, country, email, phone) values (1, 'Tessy', 'Livzey', '54681 Helena Parkway', '8 Hayes Terrace', 'Anchorage', 'Alaska', '99522', 'United States', 'tlivzey0@vkontakte.ru', '+1 (907) 533-2092');
insert into shipments (shipment_id, fname, lname, address1, address2, city, state, zipcode, country, email, phone) values (2, 'Ruthe', 'Shotboult', '45904 Dexter Road', '47456 Bobwhite Park', 'Fresno', 'California', '93786', 'United States', 'rshotboult1@symantec.com', '+1 (559) 215-5511');
insert into shipments (shipment_id, fname, lname, address1, address2, city, state, zipcode, country, email, phone) values (3, 'Bliss', 'Kirwin', '551 Manufacturers Road', '302 Village Green Park', 'Irvine', 'California', '92612', 'United States', 'bkirwin2@irs.gov', '+1 (714) 643-3502');
insert into shipments (shipment_id, fname, lname, address1, address2, city, state, zipcode, country, email, phone) values (4, 'Aliza', 'Battson', '16 Butternut Circle', '0758 Summerview Street', 'Watertown', 'Massachusetts', '02472', 'United States', 'abattson3@wordpress.com', '+1 (617) 134-7702');
insert into shipments (shipment_id, fname, lname, address1, address2, city, state, zipcode, country, email, phone) values (5, 'Jeffy', 'Kausche', '53253 Grayhawk Alley', '50635 Armistice Circle', 'Mobile', 'Alabama', '36628', 'United States', 'jkausche4@forbes.com', '+1 (251) 325-0702');
insert into shipments (shipment_id, fname, lname, address1, address2, city, state, zipcode, country, email, phone) values (6, 'Nora', 'Konerding', '026 Roth Park', '10195 Superior Alley', 'Fresno', 'California', '93750', 'United States', 'nkonerding5@ucoz.ru', '+1 (559) 834-8463');
insert into shipments (shipment_id, fname, lname, address1, address2, city, state, zipcode, country, email, phone) values (7, 'Malissia', 'Janodet', '1 Hoepker Drive', '9 Badeau Park', 'Washington', 'District of Columbia', '20067', 'United States', 'mjanodet6@wunderground.com', '+1 (202) 429-3872');
insert into shipments (shipment_id, fname, lname, address1, address2, city, state, zipcode, country, email, phone) values (8, 'Bancroft', 'Naseby', '3513 Sugar Center', '6714 Fisk Road', 'New York City', 'New York', '10014', 'United States', 'bnaseby7@unc.edu', '+1 (212) 201-6967');
insert into shipments (shipment_id, fname, lname, address1, address2, city, state, zipcode, country, email, phone) values (9, 'Gregoire', 'Woodroofe', '66323 Towne Way', '77 Annamark Court', 'Dallas', 'Texas', '75387', 'United States', 'gwoodroofe8@linkedin.com', '+1 (214) 734-1975');
insert into shipments (shipment_id, fname, lname, address1, address2, city, state, zipcode, country, email, phone) values (10, 'Mariele', 'Kubacki', '10 Londonderry Park', '0591 Monterey Pass', 'Madison', 'Wisconsin', '53710', 'United States', 'mkubacki9@google.ru', '+1 (608) 665-8298');

-- ORDER
insert into orders (order_id, date, total, status, transaction_id, customer_id, shipment_id, artist_id) values (1, '11/6/2022', 1.27, 'Inverse', 'intranet', 1, 1, 1);
insert into orders (order_id, date, total, status, transaction_id, customer_id, shipment_id, artist_id) values (2, '7/19/2022', 1.53, 'Advanced', 'Streamlined', 2, 2, 2);
insert into orders (order_id, date, total, status, transaction_id, customer_id, shipment_id, artist_id) values (3, '11/22/2022', 58.23, 'multi-tasking', 'contextually-based', 3, 4, 3);
insert into orders (order_id, date, total, status, transaction_id, customer_id, shipment_id, artist_id) values (4, '2/12/2022', 95.55, 'high-level', 'executive', 2, 9, 4);
insert into orders (order_id, date, total, status, transaction_id, customer_id, shipment_id, artist_id) values (5, '12/6/2022', 27.25, 'foreground', 'Multi-channelled', 5, 8, 2);
insert into orders (order_id, date, total, status, transaction_id, customer_id, shipment_id, artist_id) values (6, '10/16/2022', 66.36, 'optimal', 'static', 2, 3, 2);
insert into orders (order_id, date, total, status, transaction_id, customer_id, shipment_id, artist_id) values (7, '12/20/2021', 95.28, 'bi-directional', 'background', 8, 10, 2);
insert into orders (order_id, date, total, status, transaction_id, customer_id, shipment_id, artist_id) values (8, '2/15/2022', 9.69, 'Triple-buffered', 'monitoring', 10, 6, 3);
insert into orders (order_id, date, total, status, transaction_id, customer_id, shipment_id, artist_id) values (9, '12/29/2021', 26.73, 'open system', 'needs-based', 9, 5, 4);
insert into orders (order_id, date, total, status, transaction_id, customer_id, shipment_id, artist_id) values (10, '4/13/2022', 75.41, 'Monitored', 'Polarised', 1, 7, 3);

-- ITEM
insert into items (item_id, description, dimensions, price, date, color, in_stock, order_id, artist_id) values (1, 'tellus in sagittis dui vel nisl duis ac nibh fusce lacus purus aliquet at feugiat non pretium quis lectus suspendisse potenti in eleifend quam a odio in hac habitasse platea dictumst maecenas ut massa quis augue luctus tincidunt nulla mollis molestie lorem quisque ut erat curabitur gravida nisi at nibh in hac habitasse platea dictumst aliquam augue quam sollicitudin vitae consectetuer eget rutrum at lorem integer', 'felis ut at dolor quis odio', 95.77, '8/12/2022', 'ipsum dolor sit amet consectetuer adipiscing', true, 1, 1);
insert into items (item_id, description, dimensions, price, date, color, in_stock, order_id, artist_id) values (2, 'tristique est et tempus semper est quam pharetra magna ac consequat metus sapien ut nunc vestibulum ante ipsum primis in faucibus orci luctus et ultrices posuere cubilia curae mauris viverra diam vitae quam suspendisse potenti nullam porttitor lacus at turpis donec posuere metus vitae ipsum aliquam non mauris morbi non lectus aliquam sit amet diam in magna bibendum imperdiet nullam orci pede venenatis non sodales sed tincidunt eu felis', 'sed ante vivamus tortor duis mattis', 12.45, '7/2/2022', 'neque vestibulum eget vulputate ut ultrices', true, 2, 2);
insert into items (item_id, description, dimensions, price, date, color, in_stock, order_id, artist_id) values (3, 'pede posuere nonummy integer non velit donec diam neque vestibulum eget vulputate ut ultrices vel augue vestibulum ante ipsum primis in faucibus orci luctus et ultrices posuere cubilia curae donec pharetra magna vestibulum aliquet ultrices erat tortor sollicitudin mi sit amet lobortis sapien sapien non mi integer ac neque duis bibendum morbi non quam nec dui luctus rutrum nulla tellus in sagittis dui vel nisl duis ac nibh fusce lacus purus aliquet', 'ipsum primis in faucibus orci luctus', 69.03, '12/7/2022', 'consectetuer adipiscing elit proin risus praesent', true, 1, 3);
insert into items (item_id, description, dimensions, price, date, color, in_stock, order_id, artist_id) values (4, 'hac habitasse platea dictumst aliquam augue quam sollicitudin vitae consectetuer eget rutrum at lorem integer tincidunt ante vel ipsum praesent blandit lacinia erat vestibulum sed magna at nunc commodo placerat praesent blandit nam nulla integer pede justo lacinia eget tincidunt eget tempus vel pede morbi porttitor lorem id ligula suspendisse ornare consequat lectus in est risus auctor sed tristique in tempus sit', 'morbi vestibulum velit id pretium iaculis', 23.81, '8/30/2022', 'mollis molestie lorem quisque ut erat', true, 3, 4);
insert into items (item_id, description, dimensions, price, date, color, in_stock, order_id, artist_id) values (5, 'aenean lectus pellentesque eget nunc donec quis orci eget orci vehicula condimentum curabitur in libero ut massa volutpat convallis morbi odio odio elementum eu interdum eu tincidunt in leo maecenas pulvinar lobortis est phasellus sit amet erat nulla tempus vivamus in felis eu sapien cursus vestibulum proin eu mi nulla ac enim in', 'odio condimentum id luctus nec molestie', 79.43, '1/18/2022', 'at turpis a pede posuere nonummy', true, 1, 2);
insert into items (item_id, description, dimensions, price, date, color, in_stock, order_id, artist_id) values (6, 'eleifend donec ut dolor morbi vel lectus in quam fringilla rhoncus mauris enim leo rhoncus sed vestibulum sit amet cursus id turpis integer aliquet massa id lobortis convallis tortor risus dapibus augue vel accumsan tellus nisi eu orci mauris lacinia sapien quis libero nullam sit amet turpis elementum ligula vehicula consequat morbi a ipsum integer a nibh in quis justo maecenas rhoncus aliquam lacus morbi quis tortor', 'mi in porttitor pede justo eu', 77.14, '1/2/2022', 'varius ut blandit non interdum in', false, 10, 3);
insert into items (item_id, description, dimensions, price, date, color, in_stock, order_id, artist_id) values (7, 'morbi a ipsum integer a nibh in quis justo maecenas rhoncus aliquam lacus morbi quis tortor id nulla ultrices aliquet maecenas leo odio condimentum id luctus nec molestie sed justo pellentesque viverra pede ac diam cras pellentesque volutpat dui maecenas tristique est et tempus semper est quam pharetra magna ac consequat metus sapien ut nunc vestibulum ante ipsum primis in faucibus orci luctus et ultrices posuere cubilia curae mauris viverra diam vitae', 'nulla mollis molestie lorem quisque ut', 51.75, '4/24/2022', 'ipsum dolor sit amet consectetuer adipiscing', true, 7, 1);
insert into items (item_id, description, dimensions, price, date, color, in_stock, order_id, artist_id) values (8, 'sit amet erat nulla tempus vivamus in felis eu sapien cursus vestibulum proin eu mi nulla ac enim in tempor turpis nec euismod scelerisque quam turpis adipiscing lorem vitae mattis nibh ligula nec sem duis aliquam convallis nunc proin at turpis a pede posuere nonummy integer non velit donec diam neque vestibulum eget vulputate ut ultrices vel augue vestibulum ante ipsum primis in faucibus orci luctus et ultrices posuere cubilia curae', 'justo aliquam quis turpis eget elit', 93.46, '2/7/2022', 'diam in magna bibendum imperdiet nullam', false, 8, 3);
insert into items (item_id, description, dimensions, price, date, color, in_stock, order_id, artist_id) values (9, 'pede libero quis orci nullam molestie nibh in lectus pellentesque at nulla suspendisse potenti cras in purus eu magna vulputate luctus cum sociis natoque penatibus et magnis dis parturient montes nascetur ridiculus mus vivamus vestibulum sagittis sapien cum sociis natoque penatibus et magnis dis parturient montes nascetur ridiculus mus etiam vel augue vestibulum rutrum rutrum neque aenean auctor gravida sem praesent id massa id nisl venenatis lacinia aenean sit amet justo morbi', 'bibendum morbi non quam nec dui', 2.63, '7/6/2022', 'ac nibh fusce lacus purus aliquet', false, 4, 4);
insert into items (item_id, description, dimensions, price, date, color, in_stock, order_id, artist_id) values (10, 'semper sapien a libero nam dui proin leo odio porttitor id consequat in consequat ut nulla sed accumsan felis ut at dolor quis odio consequat varius integer ac leo pellentesque ultrices mattis odio donec vitae nisi nam ultrices libero non mattis pulvinar nulla pede ullamcorper augue a suscipit nulla elit ac nulla sed vel enim sit amet nunc viverra dapibus nulla suscipit ligula in lacus curabitur at ipsum ac tellus', 'sed vel enim sit amet nunc', 83.15, '5/12/2022', 'nullam orci pede venenatis non sodales', true, 7, 1);

-- FAVITEMS
insert into favitems (favitem_id, customer_id, item_id) values (1, 5, 9);
insert into favitems (favitem_id, customer_id, item_id) values (2, 5, 6);
insert into favitems (favitem_id, customer_id, item_id) values (3, 4, 3);
insert into favitems (favitem_id, customer_id, item_id) values (4, 1, 3);

-- FAVARTISTS
insert into favartists (favartist_id, customer_id, artist_id) values (1, 3, 1);
insert into favartists (favartist_id, customer_id, artist_id) values (2, 6, 2);
insert into favartists (favartist_id, customer_id, artist_id) values (3, 2, 3);
insert into favartists (favartist_id, customer_id, artist_id) values (4, 7, 2);
